-- Учителя
insert into study.teacher (entity_id, name, surname, patronymic)
values (1, 'Мария', 'Соколова', 'Тимуровна'),
       (2, 'Глеб', 'Никитин', 'Артёмович'),
       (3, 'Светлана', 'Дубинина', 'Данииловна'),
       (4, 'Василиса', 'Трифонова', 'Львовна'),
       (5, 'Матвей', 'Павлов', 'Степанович'),
       (6, 'Полина', 'Скворцова', 'Гордеевна'),
       (7, 'Арсений', 'Захаров', 'Филиппович'),
       (8, 'Вера', 'Мещерякова', 'Кирилловна'),
       (9, 'Анастасия', 'Воронцова', 'Максимовна'),
       (10, 'Таисия', 'Александрова', 'Егоровна'),
       (11, 'Илья', 'Матвеев', 'Романович'),
       (12, 'Михаил', 'Федосеев', 'Вячеславович'),
       (13, 'Алиса', 'Потапова', 'Александровна'),
       (14, 'Александра', 'Макеева', 'Александровна'),
       (15, 'Тимофей', 'Иванов', 'Андреевич'),
       (16, 'Камила', 'Дубинина', 'Ильинична'),
       (17, 'София', 'Бородина', 'Львовна'),
       (18, 'Алексей', 'Тарасов', 'Максимович'),
       (19, 'Кристина', 'Панина', 'Александровна'),
       (20, 'Ольга', 'Блинова', 'Александровна'),
       (21, 'Елизавета', 'Быкова', 'Валерьевна'),
       (22, 'Андрей', 'Колесников', 'Фёдорович'),
       (23, 'Михаил', 'Крылов', 'Алексеевич'),
       (24, 'Игорь', 'Касьянов', 'Александрович'),
       (25, 'Ева', 'Рубцова', 'Данииловна'),
       (26, 'Яна', 'Зотова', 'Данильевна'),
       (27, 'Василиса', 'Казакова', 'Максимовна'),
       (28, 'Виктор', 'Пономарев', 'Елисеевич'),
       (29, 'Ксения', 'Григорьева', 'Руслановна'),
       (30, 'Георгий', 'Платонов', 'Антонович'),
       (31, 'Михаил', 'Галкин', 'Миронович'),
       (32, 'Полина', 'Леонова', 'Эмировна'),
       (33, 'Дарья', 'Мальцева', 'Константиновна'),
       (34, 'Георгий', 'Марков', 'Михайлович'),
       (35, 'Виктория', 'Попова', 'Владиславовна'),
       (36, 'Фёдор', 'Григорьев', 'Андреевич'),
       (37, 'Ева', 'Кудрявцева', 'Андреевна'),
       (38, 'Лея', 'Ларина', 'Григорьевна'),
       (39, 'Денис', 'Тихонов', 'Макарович'),
       (40, 'Алина', 'Кириллова', 'Львовна'),
       (41, 'Полина', 'Фадеева', 'Глебовна'),
       (42, 'Владислав', 'Андреев', 'Макарович'),
       (43, 'Максим', 'Хохлов', 'Дмитриевич'),
       (44, 'Анна', 'Леонтьева', 'Богдановна'),
       (45, 'Екатерина', 'Прохорова', 'Егоровна'),
       (46, 'Игорь', 'Филатов', 'Валерьевич'),
       (47, 'Анастасия', 'Агафонова', 'Ивановна'),
       (48, 'Таисия', 'Русанова', 'Ильинична'),
       (49, 'Василиса', 'Боброва', 'Давидовна'),
       (50, 'Семён', 'Анисимов', 'Владиславович');

-- Группы
insert into study.group (entity_id, parallel_entity_id, teacher_entity_id, year_entity_id)
values (1, 2, 2, 2),
       (2, 3, 3, 3),
       (3, 4, 4, 4),
       (4, 5, 5, 1),
       (5, 6, 6, 2),
       (6, 7, 7, 3),
       (7, 8, 8, 4),
       (8, 9, 9, 1),
       (9, 10, 10, 2),
       (10, 11, 11, 3),
       (11, 1, 12, 4),
       (12, 2, 13, 1),
       (13, 3, 14, 2),
       (14, 4, 15, 3),
       (15, 5, 16, 4),
       (16, 6, 17, 1),
       (17, 7, 18, 2),
       (18, 8, 19, 3),
       (19, 9, 20, 4);

-- Ученики
insert into study.pupil (entity_id, name, surname, patronymic, group_entity_id)
values (1, 'Мария', 'Смирнова', 'Арсентьевна', 2),
       (2, 'Серафима', 'Дмитриева', 'Артёмовна', 3),
       (3, 'Даниил', 'Чернов', 'Маркович', 4),
       (4, 'Артём', 'Савельев', 'Александрович', 5),
       (5, 'Софья', 'Ермакова', 'Максимовна', 6),
       (6, 'Дмитрий', 'Васильев', 'Станиславович', 7),
       (7, 'Руслан', 'Спиридонов', 'Ибрагимович', 8),
       (8, 'Иван', 'Смирнов', 'Давидович', 9),
       (9, 'Александр', 'Галкин', 'Платонович', 10),
       (10, 'Мелания', 'Смирнова', 'Тимофеевна', 11),
       (11, 'Василиса', 'Петрова', 'Никитична', 12),
       (12, 'Ева', 'Федорова', 'Андреевна', 13),
       (13, 'Матвей', 'Шмелев', 'Ярославович', 14),
       (14, 'Давид', 'Андреев', 'Иванович', 15),
       (15, 'Полина', 'Семенова', 'Владимировна', 16),
       (16, 'Варвара', 'Андреева', 'Степановна', 17),
       (17, 'Евгений', 'Фомичев', 'Тимофеевич', 18),
       (18, 'Максим', 'Ермолаев', 'Рустамович', 19),
       (19, 'Виктор', 'Емельянов', 'Михайлович', 1),
       (20, 'Аврора', 'Маркина', 'Демьяновна', 2),
       (21, 'Максим', 'Баженов', 'Тимурович', 3),
       (22, 'Александра', 'Федорова', 'Макаровна', 4),
       (23, 'Алиса', 'Киселева', 'Кирилловна', 5),
       (24, 'Есения', 'Исакова', 'Богдановна', 6),
       (25, 'Мирослава', 'Покровская', 'Савельевна', 7),
       (26, 'Дарья', 'Козловская', 'Даниэльевна', 8),
       (27, 'Милана', 'Волкова', 'Глебовна', 9),
       (28, 'Елизавета', 'Козлова', 'Эминовна', 10),
       (29, 'Екатерина', 'Шарова', 'Павловна', 11),
       (30, 'Павел', 'Колесников', 'Кириллович', 12),
       (31, 'Евгения', 'Фомина', 'Кирилловна', 13),
       (32, 'Мария', 'Исакова', 'Данииловна', 14),
       (33, 'Артём', 'Кондратьев', 'Романович', 15),
       (34, 'Ульяна', 'Третьякова', 'Тихоновна', 16),
       (35, 'Александр', 'Кондратьев', 'Никитич', 17),
       (36, 'Екатерина', 'Осипова', 'Дмитриевна', 18),
       (37, 'Александр', 'Князев', 'Александрович', 19),
       (38, 'Матвей', 'Киселев', 'Павлович', 1),
       (39, 'Вадим', 'Сидоров', 'Артёмович', 2),
       (40, 'Сафия', 'Матвеева', 'Ильинична', 3),
       (41, 'Александра', 'Булгакова', 'Святославовна', 4),
       (42, 'Мария', 'Жданова', 'Арсентьевна', 5),
       (43, 'Давид', 'Баженов', 'Маркович', 6),
       (44, 'Юлия', 'Волкова', 'Алексеевна', 7),
       (45, 'Платон', 'Агафонов', 'Егорович', 8),
       (46, 'Тимофей', 'Вишневский', 'Александрович', 9),
       (47, 'Максим', 'Соколов', 'Иванович', 10),
       (48, 'Дмитрий', 'Демьянов', 'Артёмович', 11),
       (49, 'Арина', 'Кузьмина', 'Александровна', 12),
       (50, 'Маргарита', 'Макарова', 'Егоровна', 13),
       (51, 'Алина', 'Яшина', 'Александровна', 14),
       (52, 'Илья', 'Павловский', 'Тимофеевич', 15),
       (53, 'Роман', 'Захаров', 'Адамович', 16),
       (54, 'Дарья', 'Нефедова', 'Владиславовна', 17),
       (55, 'Екатерина', 'Смирнова', 'Артёмовна', 18),
       (56, 'Гордей', 'Королев', 'Артёмович', 19),
       (57, 'Мария', 'Павлова', 'Кирилловна', 1),
       (58, 'Владислав', 'Беляев', 'Андреевич', 2),
       (59, 'Юлия', 'Цветкова', 'Дмитриевна', 3),
       (60, 'Семён', 'Ефремов', 'Тимурович', 4),
       (61, 'Алиса', 'Федотова', 'Дмитриевна', 5),
       (62, 'Павел', 'Соколов', 'Степанович', 6),
       (63, 'Станислав', 'Еремеев', 'Маркович', 7),
       (64, 'Агния', 'Смирнова', 'Данииловна', 8),
       (65, 'Елисей', 'Зайцев', 'Андреевич', 9),
       (66, 'Ульяна', 'Ефремова', 'Сергеевна', 10),
       (67, 'Оливия', 'Рябова', 'Ильинична', 11),
       (68, 'Владимир', 'Фролов', 'Матвеевич', 12),
       (69, 'Елизавета', 'Суслова', 'Владимировна', 13),
       (70, 'Тимофей', 'Фокин', 'Константинович', 14),
       (71, 'Алина', 'Попова', 'Ивановна', 15),
       (72, 'Елисей', 'Смирнов', 'Алиевич', 16),
       (73, 'Александра', 'Миронова', 'Арсентьевна', 17),
       (74, 'Матвей', 'Михайлов', 'Олегович', 18),
       (75, 'Василиса', 'Орехова', 'Артуровна', 19),
       (76, 'Амина', 'Власова', 'Кирилловна', 1),
       (77, 'Анастасия', 'Борисова', 'Александровна', 2),
       (78, 'Агата', 'Горбачева', 'Алексеевна', 3),
       (79, 'Виктория', 'Евдокимова', 'Дмитриевна', 4),
       (80, 'Андрей', 'Лапшин', 'Михайлович', 5),
       (81, 'Екатерина', 'Суслова', 'Даниловна', 6),
       (82, 'Ярослав', 'Петров', 'Максимович', 7),
       (83, 'Иван', 'Кочергин', 'Дмитриевич', 8),
       (84, 'Демид', 'Медведев', 'Никитич', 9),
       (85, 'Василиса', 'Калинина', 'Данииловна', 10),
       (86, 'Мирослава', 'Леонова', 'Артёмовна', 11),
       (87, 'Алина', 'Евсеева', 'Михайловна', 12),
       (88, 'Дмитрий', 'Зыков', 'Никитич', 13),
       (89, 'Адам', 'Филиппов', 'Дмитриевич', 14),
       (90, 'Ева', 'Афанасьева', 'Степановна', 15),
       (91, 'Виктория', 'Балашова', 'Романовна', 16),
       (92, 'Александр', 'Фомин', 'Егорович', 17),
       (93, 'Борис', 'Колпаков', 'Матвеевич', 18),
       (94, 'Ясмина', 'Лазарева', 'Максимовна', 19),
       (95, 'Полина', 'Кудрявцева', 'Данииловна', 1),
       (96, 'Артур', 'Матвеев', 'Михайлович', 2),
       (97, 'Амелия', 'Иванова', 'Петровна', 3),
       (98, 'Варвара', 'Ильина', 'Артёмовна', 4),
       (99, 'Глеб', 'Попов', 'Андреевич', 5),
       (100, 'Евгений', 'Романов', 'Николаевич', 6),
       (101, 'Полина', 'Потапова', 'Ярославовна', 7),
       (102, 'Евангелина', 'Кочетова', 'Владимировна', 8),
       (103, 'Полина', 'Трофимова', 'Артёмовна', 9),
       (104, 'Виктория', 'Игнатова', 'Львовна', 10),
       (105, 'Олег', 'Гусев', 'Алексеевич', 11),
       (106, 'Глеб', 'Федоров', 'Маркович', 12),
       (107, 'Артём', 'Архипов', 'Романович', 13),
       (108, 'Иван', 'Быков', 'Глебович', 14),
       (109, 'Марк', 'Васильев', 'Матвеевич', 15),
       (110, 'Ульяна', 'Виноградова', 'Евгеньевна', 16),
       (111, 'Ариана', 'Сергеева', 'Данииловна', 17),
       (112, 'Мирослав', 'Попов', 'Иванович', 18),
       (113, 'Мария', 'Степанова', 'Данииловна', 19),
       (114, 'Владислава', 'Сахарова', 'Максимовна', 1),
       (115, 'Степан', 'Кондрашов', 'Романович', 2),
       (116, 'Александр', 'Балашов', 'Григорьевич', 3),
       (117, 'Андрей', 'Шевелев', 'Георгиевич', 4),
       (118, 'Максим', 'Круглов', 'Андреевич', 5),
       (119, 'Матвей', 'Поляков', 'Александрович', 6),
       (120, 'Максим', 'Денисов', 'Дмитриевич', 7),
       (121, 'Даниил', 'Белоусов', 'Адамович', 8),
       (122, 'Али', 'Иванов', 'Арсентьевич', 9),
       (123, 'Дарина', 'Еремина', 'Константиновна', 10),
       (124, 'Михаил', 'Савельев', 'Максимович', 11),
       (125, 'София', 'Щербакова', 'Игоревна', 12),
       (126, 'Кира', 'Ермолаева', 'Петровна', 13),
       (127, 'Ева', 'Кондратьева', 'Максимовна', 14),
       (128, 'Николай', 'Дементьев', 'Глебович', 15),
       (129, 'Анастасия', 'Касьянова', 'Максимовна', 16),
       (130, 'Георгий', 'Кириллов', 'Дамирович', 17),
       (131, 'Вероника', 'Воробьева', 'Денисовна', 18),
       (132, 'Варвара', 'Федорова', 'Адамовна', 19),
       (133, 'Матвей', 'Акимов', 'Владиславович', 1),
       (134, 'Софья', 'Степанова', 'Ильинична', 2),
       (135, 'Любовь', 'Колесникова', 'Никитична', 3),
       (136, 'Даниил', 'Соколов', 'Владиславович', 4),
       (137, 'Даниил', 'Нечаев', 'Николаевич', 5),
       (138, 'Максим', 'Казаков', 'Иванович', 6),
       (139, 'Мирослава', 'Зайцева', 'Платоновна', 7),
       (140, 'Тимур', 'Нестеров', 'Никитич', 8),
       (141, 'Илья', 'Рожков', 'Семёнович', 9),
       (142, 'Марьям', 'Степанова', 'Константиновна', 10),
       (143, 'Тимур', 'Лобанов', 'Вячеславович', 11),
       (144, 'Даниил', 'Мартынов', 'Ильич', 12),
       (145, 'Лука', 'Максимов', 'Андреевич', 13),
       (146, 'Дмитрий', 'Тимофеев', 'Янович', 14),
       (147, 'Варвара', 'Трифонова', 'Романовна', 15),
       (148, 'Мария', 'Литвинова', 'Дмитриевна', 16),
       (149, 'Дарья', 'Демина', 'Владимировна', 17),
       (150, 'Даниил', 'Белов', 'Кириллович', 18),
       (151, 'Сергей', 'Морозов', 'Егорович', 19),
       (152, 'Тимофей', 'Козырев', 'Ильич', 1),
       (153, 'Варвара', 'Герасимова', 'Святославовна', 2),
       (154, 'Мария', 'Яковлева', 'Львовна', 3),
       (155, 'Давид', 'Родин', 'Степанович', 4),
       (156, 'Мария', 'Смирнова', 'Александровна', 5),
       (157, 'Мира', 'Харитонова', 'Данииловна', 6),
       (158, 'Анастасия', 'Покровская', 'Тимофеевна', 7),
       (159, 'Таисия', 'Туманова', 'Романовна', 8),
       (160, 'Елизавета', 'Чернышева', 'Ивановна', 9),
       (161, 'Константин', 'Николаев', 'Егорович', 10),
       (162, 'Василиса', 'Карпова', 'Ивановна', 11),
       (163, 'Анастасия', 'Маслова', 'Александровна', 12),
       (164, 'Никита', 'Михайлов', 'Серафимович', 13),
       (165, 'Александра', 'Беспалова', 'Юрьевна', 14),
       (166, 'Амира', 'Давыдова', 'Никитична', 15),
       (167, 'Павел', 'Калачев', 'Дмитриевич', 16),
       (168, 'Ольга', 'Шаповалова', 'Андреевна', 17),
       (169, 'Дарья', 'Колосова', 'Владиславовна', 18),
       (170, 'Михаил', 'Маслов', 'Александрович', 19),
       (171, 'Елизавета', 'Иванова', 'Михайловна', 1),
       (172, 'Елизавета', 'Яковлева', 'Владимировна', 2),
       (173, 'Андрей', 'Фетисов', 'Глебович', 3),
       (174, 'Роман', 'Губанов', 'Алексеевич', 4),
       (175, 'Варвара', 'Потапова', 'Викторовна', 5),
       (176, 'Максим', 'Андрианов', 'Максимович', 6),
       (177, 'Алиса', 'Чернышева', 'Даниэльевна', 7),
       (178, 'Кристина', 'Куликова', 'Фёдоровна', 8),
       (179, 'Анастасия', 'Новикова', 'Даниэльевна', 9),
       (180, 'Вера', 'Ермакова', 'Максимовна', 10),
       (181, 'Иван', 'Антипов', 'Максимович', 11),
       (182, 'Илья', 'Богданов', 'Николаевич', 12),
       (183, 'Владимир', 'Морозов', 'Александрович', 13),
       (184, 'Дмитрий', 'Ефимов', 'Максимович', 14),
       (185, 'Юлия', 'Овсянникова', 'Михайловна', 15),
       (186, 'Давид', 'Молчанов', 'Германович', 16),
       (187, 'Василиса', 'Чернышева', 'Кирилловна', 17),
       (188, 'Виктория', 'Нестерова', 'Александровна', 18),
       (189, 'Сергей', 'Голубев', 'Артёмович', 19),
       (190, 'Анастасия', 'Никитина', 'Михайловна', 1),
       (191, 'Мария', 'Тихонова', 'Данииловна', 2),
       (192, 'Даниэль', 'Борисов', 'Иванович', 3),
       (193, 'Александр', 'Иванов', 'Даниилович', 4),
       (194, 'Михаил', 'Николаев', 'Владиславович', 5),
       (195, 'Дмитрий', 'Белоусов', 'Львович', 6),
       (196, 'Артём', 'Лосев', 'Константинович', 7),
       (197, 'Максим', 'Соколов', 'Петрович', 8),
       (198, 'Виктория', 'Богомолова', 'Аркадьевна', 9),
       (199, 'Дарья', 'Пугачева', 'Михайловна', 10),
       (200, 'Анна', 'Прохорова', 'Александровна', 11);

